Player,Team,GP,Position,MPG,PPG,FGM,FGA,FG%,3PM,3PA,3P%,FTM,FTA,FT%,ORB,DRB,RPG,APG,SPG,BPG,TOV,PF,#
"Ildefonso, Dave",ADMU,14,G,27.44,12.0,4.071428571428571,13.071428571428573,30.9,1.8571428571428572,7.428571428571429,25.0,2.0714285714285716,3.2142857142857144,64.44,2.2142857142857144,6.071428571428571,8.3,2.7,1.0,0.1,2.8,1.7,1
"Kouame, Ange",ADMU,14,C,27.3,11.6,4.642857142857143,8.428571428571429,54.8,0.5,1.0,50.0,2.0,3.7142857142857144,53.85,5.428571428571429,6.0,11.3,1.7,0.5,2.5,1.4,2.4,2
"Andrade, Bryan",ADMU,14,G,25.5,9.5,3.2142857142857144,8.857142857142858,36.2,1.7857142857142858,5.285714285714286,33.78,1.6428571428571428,1.7857142857142858,92.0,0.9285714285714286,1.8571428571428572,2.7,2.1,0.9,0.2,1.5,1.5,3
"Koon, Chris",ADMU,14,G,16.21,6.3,1.8571428571428572,4.928571428571429,40.8,0.7857142857142857,3.142857142857143,25.0,1.1428571428571428,1.6428571428571428,69.57,0.7142857142857143,2.7857142857142856,3.4,1.9,0.7,0.1,1.3,1.2,4
"Gomez, Vince",ADMU,12,G,14.15,3.4,1.1666666666666667,3.9166666666666665,30.6,0.8333333333333334,2.9166666666666665,28.57,0.25,0.5,50.0,0.08333333333333333,0.4166666666666667,0.7,2.0,0.5,0.0,1.3,1.2,5
"Lazaro, Joshua",ADMU,14,F,15.08,2.8,0.8571428571428571,3.285714285714286,25.0,0.0,0.21428571428571427,0.0,1.2857142857142858,2.2857142857142856,56.25,2.0714285714285716,3.142857142857143,4.9,0.4,0.5,0.2,0.8,2.1,6
"Chiu, Geo",ADMU,14,C,10.14,2.1,0.7142857142857143,1.7857142857142856,38.5,0.0,0.07142857142857142,0.0,0.7857142857142857,1.0714285714285714,73.33,1.4285714285714286,2.142857142857143,3.3,0.5,0.5,0.8,0.7,1.9,7
"Fornilos, Inand",ADMU,5,F,3.09,1.7,0.8,1.2,66.7,0.2,0.6,33.33,0.2,0.8,25.0,0.4,0.6,1.0,0.2,0.2,0.0,0.3,0.5,8
"Daves, Matt",ADMU,11,F,7.04,1.6,0.7272727272727273,1.6363636363636365,45.0,0.0,0.0,0.0,0.09090909090909091,0.2727272727272727,33.33,0.2727272727272727,0.8181818181818182,1.3,0.3,0.1,0.1,0.7,1.3,9
"Fetalvero, Jc",ADMU,4,G,3.25,0.6,0.25,1.25,20.0,0.25,1.25,20.0,0.0,0.0,0.0,0.0,0.0,0.0,0.2,0.0,0.0,0.0,0.4,10
"Ong, Kyle",ADMU,5,C,1.51,0.3,0.2,0.4,50.0,0.0,0.0,0.0,0.0,0.0,0.0,0.0,0.0,0.0,0.0,0.3,0.2,0.2,0.3,11
"Lao, Franz",ADMU,5,G,2.0,0.2,0.0,0.2,0.0,0.0,0.0,0.0,0.0,0.0,0.0,0.0,0.2,0.2,0.2,0.2,0.0,0.2,0.7,12
"Faye, Adama",UST,13,C,30.57,11.4,4.615384615384615,10.153846153846153,45.1,0.0,0.5384615384615384,0.0,2.1538461538461537,5.615384615384615,38.36,2.0,10.23076923076923,12.2,1.0,0.4,2.2,3.8,3.1,13
"Pangilinan, Miguel",UST,14,G,25.46,6.6,2.142857142857143,7.428571428571429,28.8,1.2142857142857142,4.357142857142857,27.87,1.0714285714285714,1.5714285714285714,68.18,1.8571428571428572,2.7857142857142856,4.6,1.4,0.9,0.1,1.6,2.2,15
"Lazarte, Ivan",UST,11,G,15.18,5.5,1.7272727272727273,6.090909090909092,28.4,0.5454545454545454,2.8181818181818183,19.35,1.5454545454545454,2.5454545454545454,60.71,1.1818181818181819,1.6363636363636365,2.8,0.8,0.8,0.0,0.5,1.3,17
"Manalang, Paul",UST,13,G,25.08,4.5,1.3076923076923077,6.769230769230769,19.3,0.8461538461538461,4.769230769230769,17.74,1.0769230769230769,1.3846153846153846,77.78,0.38461538461538464,2.3076923076923075,2.7,2.8,0.6,0.0,2.0,2.5,19
"Manaytay, Christian",UST,14,F,19.08,3.9,1.5714285714285714,4.214285714285714,37.3,0.0,0.5714285714285714,0.0,0.7857142857142857,1.7142857142857142,45.83,2.0,2.9285714285714284,4.9,1.4,0.9,0.3,1.9,2.6,21
"Garing, JC",UST,13,G,15.43,3.5,1.3846153846153846,3.9230769230769234,34.7,0.38461538461538464,2.0,19.23,0.46153846153846156,0.7692307692307693,60.0,1.6923076923076923,2.4615384615384617,3.9,1.3,0.9,0.1,1.0,1.8,23
"Calimag, Richi",UST,13,G,14.33,3.5,1.153846153846154,3.8461538461538463,30.0,0.7692307692307693,2.8461538461538463,27.03,0.38461538461538464,0.6923076923076923,55.56,1.0769230769230769,1.8461538461538463,2.9,0.8,0.3,0.1,1.0,1.4,25
"Mantua, Royce",UST,12,F,10.32,3.0,1.0833333333333335,4.083333333333334,25.5,0.5,2.0,25.0,0.5833333333333334,1.0,58.33,0.9166666666666666,1.4166666666666667,2.2,0.6,0.2,0.1,1.2,1.5,27
"Laure, Eddie",UST,9,F,7.47,2.0,0.8888888888888888,1.5555555555555554,57.1,0.1111111111111111,0.2222222222222222,50.0,0.1111111111111111,0.2222222222222222,50.0,0.3333333333333333,1.5555555555555556,1.9,0.7,0.2,0.1,0.8,0.7,29
"Duremdes, Kenji",UST,13,G,10.21,1.9,0.6153846153846154,2.3846153846153846,25.8,0.15384615384615385,1.0769230769230769,14.29,0.5384615384615384,0.8461538461538461,63.64,0.6923076923076923,1.7692307692307692,2.5,0.8,0.2,0.0,0.6,0.7,31
"Magdangal, Kylle",UST,5,G,5.59,1.5,0.6,2.4000000000000004,27.3,0.0,0.8,0.0,0.0,0.0,0.0,0.2,0.8,1.0,0.5,0.5,0.0,0.8,0.8,33
"Escubido, Vince",UST,8,,5.58,1.0,0.5,1.125,44.4,0.0,0.25,0.0,0.0,0.0,0.0,0.125,0.75,0.9,0.5,0.3,0.0,0.5,0.3,35
"Herrera, Ian",UST,11,C,3.42,0.4,0.0,1.0,0.0,0.0,0.45454545454545453,0.0,0.45454545454545453,0.5454545454545454,83.33,0.2727272727272727,0.18181818181818182,0.4,0.0,0.1,0.0,0.1,0.7,37
"Gesalam, Ralf",UST,7,G,4.53,0.0,0.0,1.1428571428571428,0.0,0.0,1.1428571428571428,0.0,0.0,0.0,0.0,0.0,0.5714285714285714,0.6,0.1,0.0,0.1,0.1,0.3,39
"Winston, Schonny",DLSU,10,G,22.4,14.9,5.4,12.6,42.9,1.0,3.1,32.26,3.1,3.9,79.49,1.5,2.8,4.3,2.5,2.1,0.1,2.4,1.3,41
"Nelle, Evan",DLSU,11,G,28.06,12.0,3.8181818181818183,10.272727272727273,34.1,1.4545454545454546,5.454545454545454,26.67,2.0,2.090909090909091,95.65,1.2727272727272727,3.6363636363636362,4.8,6.0,1.7,0.6,2.8,1.9,42
"Quiambao, Kevin",DLSU,13,F,25.26,11.2,4.3076923076923075,12.538461538461538,34.4,0.6923076923076923,3.6153846153846154,19.15,1.9230769230769231,2.6923076923076925,71.43,1.8461538461538463,4.6923076923076925,6.5,3.2,1.1,0.4,3.1,1.0,43
"Phillips, Michael",DLSU,10,C,25.17,9.4,3.6,7.6,47.4,0.0,0.1,0.0,2.2,4.0,55.0,3.6,6.7,10.3,1.7,1.9,1.6,1.9,2.0,44
"Austria, Cyrus",DLSU,13,F,23.25,8.5,3.0,7.076923076923077,42.9,0.5384615384615384,1.8461538461538463,29.17,1.7692307692307692,3.4615384615384617,51.11,1.4615384615384615,2.3846153846153846,3.9,2.2,1.2,0.1,1.6,1.5,45
"Nonoy, Mark",DLSU,11,G,19.43,7.6,2.1818181818181817,9.272727272727273,25.2,1.3636363636363635,6.0,22.73,1.1818181818181819,1.4545454545454546,81.25,0.36363636363636365,2.090909090909091,2.5,2.7,2.3,0.0,1.6,1.8,46
"Cortez, Raven",DLSU,11,C,10.58,5.2,2.0,3.818181818181818,56.5,0.0,0.18181818181818182,0.0,0.7272727272727273,0.8181818181818182,88.89,1.2727272727272727,1.2727272727272727,3.0,0.3,0.5,1.3,0.4,0.4,47
"Estacio, Penny",DLSU,12,G,16.36,4.8,1.9166666666666665,4.666666666666667,39.7,1.0833333333333333,2.8333333333333335,38.24,0.25,0.3333333333333333,75.0,0.3333333333333333,1.25,1.6,1.7,0.7,0.0,1.3,0.9,48
"Phillips, Benjamin",DLSU,13,C,14.17,4.6,1.6153846153846154,4.076923076923077,41.0,0.5384615384615384,1.6923076923076923,31.82,0.38461538461538464,0.6923076923076923,55.56,1.5384615384615385,2.1538461538461537,3.6,1.0,0.4,0.3,0.6,1.6,49
"Nwankwo, Bright",DLSU,14,C,15.19,3.9,1.5,3.2857142857142856,45.7,0.0,0.0,0.0,1.1428571428571428,1.7857142857142858,64.0,2.642857142857143,2.9285714285714284,5.4,0.5,0.5,0.8,0.5,2.3,50
"Abadam, Earl",DLSU,13,F,14.23,3.9,1.4615384615384615,4.307692307692308,33.3,0.0,0.6153846153846154,0.0,1.0,1.4615384615384615,68.42,0.6153846153846154,1.7692307692307692,2.2,0.8,0.4,0.1,0.8,1.5,51
"Blanco, Isaiah",DLSU,1,G,1.49,3.0,1.0,2.0,50.0,1.0,1.0,100.0,0.0,0.0,0.0,0.0,0.0,0.0,0.0,0.0,0.0,0.0,0.0,52
"Manuel, Joaquin",DLSU,11,F,12.49,2.5,1.0,4.090909090909091,22.9,0.2727272727272727,1.9090909090909092,14.29,0.6363636363636364,0.9090909090909091,70.0,1.5454545454545454,1.4545454545454546,2.5,1.1,0.5,0.0,1.2,1.2,53
"Buensalida, Aaron",DLSU,3,F,7.54,2.3,1.0,2.3333333333333335,33.3,0.0,0.0,0.0,0.3333333333333333,0.3333333333333333,100.0,1.6666666666666667,0.6666666666666666,2.8,0.5,0.0,0.5,0.8,0.8,54
"Macalalag, Jan",DLSU,11,G,11.04,2.2,0.7272727272727273,1.9090909090909092,38.1,0.0,0.0,0.0,0.7272727272727273,1.0909090909090908,66.67,0.2727272727272727,1.6363636363636365,2.3,0.5,0.3,0.3,0.5,0.8,55
"Escandor, Francis",DLSU,3,F,4.21,0.0,0.0,1.3333333333333333,0.0,0.0,0.0,0.0,0.0,0.0,0.0,0.3333333333333333,0.3333333333333333,0.7,0.3,0.0,0.0,0.3,0.3,56
"Sajonia, Bryan",FEU,12,G,23.28,11.2,4.0,11.75,34.0,1.1666666666666667,5.666666666666667,20.59,2.0,2.5,80.0,1.5,2.6666666666666665,4.2,1.7,1.6,0.3,1.3,3.1,57
"Torres, Xyrus",FEU,14,F,26.38,10.6,3.6428571428571432,13.357142857142856,27.3,2.5714285714285716,9.714285714285714,26.47,0.7857142857142857,1.1428571428571428,68.75,0.6428571428571429,1.9285714285714286,2.6,0.6,1.2,0.1,0.6,1.5,58
"Sleat, Patrick",FEU,14,G,20.11,8.8,3.5,7.214285714285714,48.5,0.7142857142857143,2.5,28.57,1.0714285714285714,1.5,71.43,1.6428571428571428,2.142857142857143,3.8,1.8,0.9,0.1,1.7,2.4,59
"Anonuevo, Cholo",FEU,14,F,25.41,6.2,2.2142857142857144,6.785714285714286,32.6,0.35714285714285715,2.2142857142857144,16.13,1.4285714285714286,2.9285714285714284,48.78,2.5,3.7857142857142856,6.3,2.1,1.6,0.9,2.2,2.4,60
"Bautista, Kyle",FEU,12,G,12.28,5.3,2.0,5.416666666666666,36.9,0.8333333333333334,3.0,27.78,0.4166666666666667,0.5833333333333334,71.43,0.5,1.25,1.8,1.4,0.5,0.1,0.8,0.5,61
"Tchuente, Patrick",FEU,14,C,19.19,5.1,1.8571428571428572,4.642857142857143,40.0,0.0,0.21428571428571427,0.0,1.3571428571428572,2.7142857142857144,50.0,3.142857142857143,4.142857142857143,7.3,0.3,0.8,1.1,0.7,2.1,62
"Sandagon, Ace",FEU,13,F,12.5,3.4,1.1538461538461537,1.8461538461538463,62.5,0.0,0.0,0.0,1.0769230769230769,1.6153846153846154,66.67,1.3076923076923077,1.7692307692307692,3.1,0.6,0.2,0.5,1.2,1.7,63
"Alforque, Royce",FEU,14,G,19.58,2.6,1.1428571428571428,4.5,25.4,0.14285714285714285,1.2857142857142858,11.11,0.21428571428571427,0.42857142857142855,50.0,1.2857142857142858,2.857142857142857,4.1,2.9,1.6,0.2,1.5,1.6,64
"Tempra, James",FEU,13,F,10.36,1.5,0.38461538461538464,1.3076923076923075,29.4,0.0,0.15384615384615385,0.0,0.7692307692307693,1.0,76.92,0.6153846153846154,1.3846153846153846,2.0,0.5,0.2,0.2,0.8,0.8,65
"Bagunu, Aeron",FEU,12,,5.06,1.5,0.5833333333333333,2.3333333333333335,25.0,0.3333333333333333,1.75,19.05,0.0,0.0,0.0,0.5833333333333334,0.4166666666666667,1.0,0.3,0.2,0.1,0.7,0.8,66
"Songcuya, Menard",FEU,3,,4.08,1.3,0.3333333333333333,0.6666666666666666,50.0,0.0,0.3333333333333333,0.0,0.6666666666666666,1.3333333333333333,50.0,0.3333333333333333,1.0,1.3,0.0,0.0,0.0,0.0,0.7,67
"Ona, Miguel",FEU,5,,5.48,1.2,0.4,0.8,50.0,0.0,0.0,0.0,0.4,1.2,33.33,1.0,0.4,1.4,0.0,0.6,0.0,0.0,0.8,68
"Gravera, Rodel",FEU,5,F,5.18,1.2,0.4,1.8,22.2,0.4,1.6,25.0,0.0,0.0,0.0,0.4,1.0,1.4,0.0,0.2,0.0,0.6,0.0,69
"Celzo, Daniel",FEU,11,F,4.44,1.1,0.36363636363636365,0.9090909090909091,40.0,0.0,0.0,0.0,0.36363636363636365,0.8181818181818182,44.44,0.8181818181818182,0.6363636363636364,1.5,0.3,0.1,0.3,0.2,1.2,70
"Guibao, Kevin",FEU,6,F,1.28,0.0,0.0,0.3333333333333333,0.0,0.0,0.3333333333333333,0.0,0.0,0.0,0.0,0.0,0.0,0.0,0.0,0.2,0.0,0.0,0.0,71
"Figueroa, John",NU,14,F,24.46,9.3,3.142857142857143,7.142857142857142,43.4,0.14285714285714285,1.2857142857142858,11.11,2.357142857142857,2.9285714285714284,80.49,1.4285714285714286,5.5,7.4,1.9,1.3,0.6,2.3,2.3,72
"Baclaan, Kean",NU,13,G,22.15,8.4,3.0,9.923076923076923,30.3,1.3076923076923077,4.923076923076923,26.56,0.6153846153846154,0.7692307692307693,80.0,1.0769230769230769,2.3076923076923075,3.4,4.2,1.6,0.0,3.4,2.1,73
"John, Omar",NU,14,,26.15,7.8,3.642857142857143,7.428571428571428,48.2,0.0,0.07142857142857142,0.0,0.5,1.4285714285714286,35.0,3.0714285714285716,4.142857142857143,7.2,1.3,0.7,1.6,3.0,2.9,74
"Malonzo, Michael",NU,14,,24.57,7.0,2.6428571428571432,4.857142857142858,56.0,0.07142857142857142,0.6428571428571429,11.11,1.3571428571428572,1.7857142857142858,76.0,2.5,3.642857142857143,6.2,1.5,1.1,0.7,1.2,2.4,75
"Enriquez, Steve",NU,11,G,18.1,6.9,2.2727272727272725,7.454545454545455,29.9,1.0,3.5454545454545454,28.21,1.8181818181818181,3.272727272727273,55.56,0.6363636363636364,1.0909090909090908,1.8,2.7,1.3,0.0,1.5,0.9,76
"Manansala, Jolo",NU,14,F,15.08,5.4,2.357142857142857,4.142857142857143,55.0,0.21428571428571427,0.6428571428571429,33.33,0.8571428571428571,1.4285714285714286,60.0,2.357142857142857,2.7857142857142856,5.1,0.6,0.5,0.3,0.8,0.9,77
"Yu, Patrick",NU,14,G,16.22,4.6,1.7142857142857142,5.428571428571429,30.5,0.5,2.0,25.0,0.8571428571428571,1.2857142857142858,66.67,0.6428571428571429,2.2142857142857144,2.9,1.8,0.6,0.2,1.6,1.4,78
"Palacielo, Justin",NU,13,,4.47,2.6,1.2307692307692308,2.230769230769231,57.1,0.0,0.07692307692307693,0.0,0.15384615384615385,0.3076923076923077,50.0,0.7692307692307693,0.46153846153846156,1.3,0.4,0.2,0.0,0.6,0.8,79
"Galinato, John",NU,14,,7.53,2.1,0.7857142857142857,3.2857142857142856,25.5,0.35714285714285715,1.5714285714285714,22.73,0.21428571428571427,0.42857142857142855,50.0,0.14285714285714285,0.8571428571428571,0.9,0.4,0.1,0.0,0.6,1.3,80
"Minerva, Robert",NU,14,F,9.01,2.0,0.7142857142857142,2.071428571428571,35.5,0.14285714285714285,0.8571428571428571,16.67,0.42857142857142855,0.6428571428571429,66.67,0.9285714285714286,1.2142857142857142,2.2,0.4,0.5,0.1,0.3,1.6,81
"Mahinay, Germy",NU,14,C,5.53,1.0,0.35714285714285715,1.5,24.0,0.0,0.14285714285714285,0.0,0.21428571428571427,0.2857142857142857,75.0,0.9285714285714286,1.1428571428571428,2.2,0.2,0.1,0.1,0.5,1.7,82
"Tibayan, Jonas",NU,12,F,3.05,0.8,0.4166666666666667,0.75,55.6,0.0,0.0,0.0,0.0,0.16666666666666666,0.0,0.4166666666666667,0.0,0.4,0.2,0.2,0.0,0.3,0.7,83
"Tulabut, Nat",NU,6,,1.05,0.3,0.16666666666666666,0.3333333333333333,50.0,0.0,0.0,0.0,0.0,0.0,0.0,0.16666666666666666,0.0,0.2,0.0,0.2,0.0,0.7,0.0,84
"Villegas, Luis",UE,14,,29.54,13.1,4.357142857142857,9.714285714285715,44.9,1.9285714285714286,5.5,35.06,2.5,2.9285714285714284,85.37,2.2142857142857144,5.857142857142857,8.1,3.8,1.9,0.8,2.0,2.4,85
"Paranada, Kyle",UE,14,G,23.04,11.6,3.7142857142857144,10.357142857142858,35.9,1.4285714285714286,5.357142857142857,26.67,2.7857142857142856,3.5,79.59,0.42857142857142855,2.4285714285714284,2.9,4.2,1.6,0.1,2.1,2.6,86
"Paranada, Nick",UE,14,G,21.02,9.9,3.2857142857142856,9.857142857142858,33.3,1.8571428571428572,5.428571428571429,34.21,1.4285714285714286,1.9285714285714286,74.07,0.6428571428571429,2.357142857142857,3.0,3.1,0.7,0.0,1.1,1.0,87
"Stevens, Jalen",UE,14,C,28.24,9.4,4.285714285714286,7.0,61.2,0.0,0.0,0.0,0.7857142857142857,2.5714285714285716,30.56,2.5714285714285716,3.7142857142857144,6.3,1.0,0.9,0.4,0.9,2.6,88
"Payawal, Calvin",UE,14,G,20.52,8.3,2.6428571428571432,7.428571428571429,35.6,2.0714285714285716,5.714285714285714,36.25,0.9285714285714286,1.3571428571428572,68.42,0.9285714285714286,3.2857142857142856,4.2,1.1,0.9,0.1,1.1,2.1,89
"Pagsanjan, Harvey",UE,13,G,25.52,5.1,1.8461538461538463,6.538461538461538,28.2,0.6153846153846154,2.6153846153846154,23.53,0.7692307692307693,1.5384615384615385,50.0,1.1538461538461537,2.923076923076923,4.1,0.8,0.9,0.2,1.2,2.2,90
"Sawat, Abdul",UE,14,F,16.05,4.4,1.3571428571428572,4.0,33.9,0.35714285714285715,1.0714285714285714,33.33,1.2857142857142858,1.5714285714285714,81.82,1.1428571428571428,1.7857142857142858,2.9,0.9,0.4,0.1,1.0,2.0,91
"Remogat, Rey",UE,14,,9.46,4.2,1.5,4.214285714285714,35.6,0.6428571428571429,2.4285714285714284,26.47,0.5714285714285714,0.5714285714285714,100.0,0.35714285714285715,0.8571428571428571,1.2,1.1,0.3,0.0,1.1,0.9,92
"Tulabut, Jm",UE,9,,8.04,2.8,1.2222222222222223,2.5555555555555554,47.8,0.1111111111111111,0.6666666666666666,16.67,0.2222222222222222,0.5555555555555556,40.0,0.5555555555555556,1.6666666666666667,2.2,0.1,0.0,0.0,0.2,1.0,93
"Antiporda, Frederic",UE,12,G,8.34,2.5,0.9166666666666666,3.25,28.2,0.6666666666666666,2.5,26.67,0.0,0.0,0.0,0.08333333333333333,0.5,0.6,0.3,0.5,0.0,0.5,0.3,94
"Alcantara, Josiah",UE,10,G,8.11,1.2,0.3,1.5,20.0,0.0,0.4,0.0,0.6,0.7,85.71,0.2,0.7,0.9,1.1,0.1,0.2,1.1,1.0,95
"Guevarra, Justine",UE,7,,4.03,0.7,0.2857142857142857,0.8571428571428571,33.3,0.14285714285714285,0.42857142857142855,33.33,0.0,0.0,0.0,0.2857142857142857,0.2857142857142857,0.6,0.4,0.1,0.0,0.0,0.4,96
"Beltran, Allan",UE,10,C,6.52,0.3,0.1,0.2,50.0,0.0,0.0,0.0,0.1,0.4,25.0,0.2,0.5,0.7,0.3,0.0,0.0,0.2,1.2,97
"Langit, Jeremy",UE,2,G,1.42,0.0,0.0,0.0,0.0,0.0,0.0,0.0,0.0,0.0,0.0,0.0,1.0,1.0,0.0,0.5,0.0,0.0,1.0,98
"Lingolingo, Chris",UE,3,,1.1,0.0,0.0,0.3333333333333333,0.0,0.0,0.3333333333333333,0.0,0.0,0.0,0.0,0.0,0.0,0.0,0.0,0.0,0.0,1.0,0.5,99
"Lastimosa, Jerom",ADU,12,G,25.41,15.0,5.166666666666667,12.5,39.8,1.4166666666666667,5.333333333333333,26.56,3.0833333333333335,4.083333333333333,75.51,1.0833333333333333,3.25,4.1,3.6,1.0,0.2,2.9,1.4,100
"Douanga, Lenda",ADU,14,C,24.12,10.4,4.214285714285714,8.214285714285714,48.9,0.35714285714285715,0.8571428571428571,41.67,2.0,3.2142857142857144,62.22,2.5714285714285716,5.5,7.6,0.6,0.1,0.9,1.6,1.8,101
"Manzano, Cedrick",ADU,14,C,18.46,7.8,3.0714285714285716,6.071428571428571,51.0,0.0,0.0,0.0,1.5714285714285714,2.4285714285714284,64.71,3.642857142857143,3.5714285714285716,7.8,0.9,0.5,1.2,1.4,2.8,102
"Yerro, Joshua",ADU,14,G,21.49,6.8,2.2142857142857144,6.642857142857143,34.6,0.7857142857142857,3.0714285714285716,25.58,1.1428571428571428,1.7142857142857142,66.67,1.3571428571428572,3.0714285714285716,4.8,2.8,1.3,0.0,1.5,2.6,103
"Manlapaz, Adrian",ADU,5,F,9.08,6.6,2.4000000000000004,4.8,47.1,0.8,2.0,40.0,1.2,1.8,66.67,0.4,1.2,1.7,0.4,0.4,0.4,0.4,0.4,104
"Sabandal, Jm",ADU,12,G,19.27,6.4,2.0,6.75,29.3,0.5833333333333334,2.8333333333333335,20.59,2.0,3.1666666666666665,63.16,0.5,2.0,2.4,1.9,0.7,0.1,1.4,1.6,105
"Hanapi, Didat",ADU,12,G,21.45,6.1,2.1666666666666665,6.25,35.7,1.0833333333333333,3.6666666666666665,29.55,1.0,1.6666666666666667,60.0,0.8333333333333334,1.6666666666666667,2.2,1.0,0.8,0.1,1.3,1.4,106
"Magbuhos, Vince",ADU,10,F,22.45,5.8,2.5,7.5,31.3,1.5,4.8,31.25,0.2,0.6,33.33,0.8,3.4,3.7,2.1,1.1,0.8,1.6,1.7,107
"Flowers, Aaron",ADU,14,F,10.29,3.3,1.2857142857142856,3.7857142857142856,34.9,0.2857142857142857,0.8571428571428571,33.33,0.2857142857142857,0.5714285714285714,50.0,1.0,2.2142857142857144,3.2,0.4,0.6,0.3,0.9,2.1,108
"Jaymalin, Joaquin",ADU,14,F,10.33,2.8,1.0,3.7142857142857144,27.3,0.8571428571428571,3.0,28.57,0.07142857142857142,0.14285714285714285,50.0,0.2857142857142857,1.0714285714285714,1.3,0.5,0.4,0.0,0.4,1.4,109
"Torres, Allen",ADU,14,G,9.51,2.1,0.6428571428571428,2.928571428571429,24.4,0.2857142857142857,1.0714285714285714,26.67,0.2857142857142857,0.35714285714285715,80.0,0.14285714285714285,1.4285714285714286,1.6,0.5,0.4,0.3,1.0,0.9,110
"Colonia, Jed",ADU,14,G,16.43,1.9,0.5,2.2142857142857144,20.6,0.0,0.35714285714285715,0.0,1.0,1.7857142857142858,56.0,0.42857142857142855,2.357142857142857,2.6,2.7,0.5,0.1,1.4,1.9,111
"Barcelona, Joshua",ADU,12,F,4.54,0.8,0.4166666666666667,0.8333333333333334,50.0,0.0,0.0,0.0,0.08333333333333333,0.16666666666666666,50.0,0.4166666666666667,0.5,0.8,0.2,0.0,0.0,0.3,0.7,112
"Fuentebella, Joshua",ADU,12,F,4.13,0.6,0.3333333333333333,1.0833333333333333,23.1,0.16666666666666666,0.75,22.22,0.0,0.0,0.0,0.0,0.25,0.2,0.1,0.0,0.0,0.1,0.5,113
"Magbuhos, Wilfrey",ADU,11,F,1.1,0.3,0.18181818181818182,0.18181818181818182,100.0,0.0,0.0,0.0,0.0,0.0,0.0,0.0,0.36363636363636365,0.3,0.0,0.1,0.0,0.0,0.2,114
"Tamayo, Carl",UP,14,C,23.54,13.3,5.071428571428571,11.214285714285715,45.1,1.0,4.071428571428571,24.56,2.642857142857143,4.0,66.07,2.2142857142857144,5.5,7.3,1.4,0.9,0.2,1.7,1.8,115
"Lucero, Zavier",UP,14,F,23.3,11.4,4.214285714285714,9.857142857142858,43.0,1.2142857142857142,3.2857142857142856,36.96,1.7142857142857142,2.2142857142857144,77.42,1.7142857142857142,3.5714285714285716,5.7,2.1,1.5,0.9,2.3,1.6,116
"Diouf, Malick",UP,14,C,22.51,11.2,3.857142857142857,7.571428571428571,49.2,0.21428571428571427,1.0,21.43,2.857142857142857,4.214285714285714,67.8,3.142857142857143,7.714285714285714,11.5,2.8,1.4,1.7,1.7,2.7,117
"Fortea, Terrence",UP,11,G,24.28,10.0,3.272727272727273,8.181818181818182,39.6,2.3636363636363638,5.7272727272727275,41.27,1.4545454545454546,1.8181818181818181,80.0,0.36363636363636365,2.3636363636363638,2.5,3.9,1.1,0.0,3.6,1.3,118
"Cagulangan, Jd",UP,8,G,19.57,6.6,2.0,5.75,33.3,1.5,4.0,37.5,0.875,1.5,58.33,0.625,2.5,3.1,4.9,1.1,0.0,1.9,1.2,119
"Spencer, James",UP,14,F,22.47,6.4,2.2857142857142856,6.071428571428571,36.0,1.2857142857142858,3.9285714285714284,32.73,1.0,1.2857142857142858,77.78,0.7857142857142857,2.357142857142857,2.9,2.3,0.5,0.1,1.9,1.3,120
"Alarcon, Harold",UP,14,G,17.59,5.7,1.9285714285714284,5.0,37.0,0.7142857142857143,2.0,35.71,1.4285714285714286,1.7857142857142858,80.0,1.1428571428571428,1.9285714285714286,3.1,1.1,0.7,0.1,1.0,2.7,121
"Gonzales, Cyril",UP,13,G,14.42,5.5,2.076923076923077,4.6923076923076925,43.7,0.5384615384615384,1.6923076923076923,31.82,0.38461538461538464,0.5384615384615384,71.43,0.5384615384615384,0.23076923076923078,0.8,0.7,1.0,0.0,0.9,2.1,122
"Abadiano, Gerry",UP,14,G,17.19,5.1,1.2142857142857144,3.571428571428571,35.8,0.5,1.9285714285714286,25.93,1.7142857142857142,2.0714285714285716,82.76,0.6428571428571429,0.9285714285714286,2.0,1.1,0.6,0.0,1.1,1.7,123
"Galinato, Henry",UP,13,C,10.38,4.3,1.7692307692307692,3.6153846153846154,50.0,0.0,0.07692307692307693,0.0,0.7692307692307693,1.5384615384615385,50.0,1.3076923076923077,2.6153846153846154,3.8,0.6,0.1,0.2,1.5,1.2,124
"Andrews, Daylan",UP,3,F,4.4,2.3,0.6666666666666666,1.6666666666666665,40.0,0.0,0.3333333333333333,0.0,1.0,1.3333333333333333,75.0,0.0,0.0,0.0,0.0,0.7,0.0,0.7,0.3,125
"Calimag, Rc",UP,13,G,5.46,1.4,0.46153846153846156,1.8461538461538463,25.0,0.07692307692307693,0.8461538461538461,9.09,0.38461538461538464,0.46153846153846156,83.33,0.7692307692307693,0.8461538461538461,1.6,0.1,0.2,0.0,0.1,0.5,126
"Eusebio, Anton",UP,5,F,5.42,1.3,0.4,3.0,15.4,0.0,1.0,0.0,0.2,0.6,33.33,0.4,0.8,1.3,0.3,0.0,0.0,0.0,1.8,127
"Torculas, Sean",UP,8,F,4.59,0.6,0.125,1.625,7.7,0.0,0.75,0.0,0.375,0.5,75.0,0.75,1.0,1.6,0.1,0.0,0.0,0.7,0.9,128
"Lina, Bismark",UP,8,F,6.2,0.5,0.25,2.0,12.5,0.0,0.25,0.0,0.0,0.5,0.0,0.5,1.25,1.8,0.1,0.0,0.1,0.6,0.8,129
